28,0,2912,0,0,56,0,0,252,1092,112,0,0,784,0,420,308,0,700,952,14585,0,28,69,2912,112,0,375,71,56,1314,532,392,0,0,1266,84,28,18,112,0,0,0,0,653,28,12,56,0,64,112,470,0,13,448,112,0,112,2682,224,0,4461,1064,0,599,420,0,140,196,84,420,0,0,28,0,86,0,0,168,196,0,0,84,0,2458,0,0,0,924,1373,112,0,3148,500,112,890,0,0,0,368,3332,0,28,28,865,889,4032,0,56,438,0,476,0,336,298,112,84,56,168,700,0
0,0,0,0,0,0,0,0,0,0,0,0,0,0,0,0,0,0,0,0,0,0,0,0,0,0,0,0,0,0,0,0,0,0,0,0,0,0,0,0,0,0,0,0,0,0,0,0,0,0,0,0,0,0,0,0,0,0,0,0,0,0,0,0,0,0,4,0,0,0,0,0,0,0,0,0,0,0,0,0,0,0,0,0,0,0,0,0,0,0,0,0,0,0,0,0,0,0,0,0,0,0,0,0,0,0,0,0,0,0,0,0,0,0,0,0,0,0,0,0,0
2658,12404,138553,2658,886,5652,22150,1772,32782,35440,7974,140874,13290,48730,886,13290,15062,45186,71766,83284,528942,17720,4430,64210,94802,3544,147962,52274,5715,3544,112522,40756,36326,49616,0,62020,14176,14176,3544,12404,13290,6202,15948,0,61134,1772,7988,1772,0,31010,18918,23922,0,4430,33668,6202,886,102776,85056,12404,0,180744,139988,7088,36326,56704,9746,23036,6202,224158,16834,18606,886,1772,101004,32782,330478,0,8860,7088,163024,2192,5316,0,108092,18606,6202,1772,52274,82398,7974,3544,126083,42528,334908,72652,3397,3544,5316,32782,201122,10632,1772,96574,76196,62906,128470,15062,28352,58476,0,35440,0,10632,16834,19492,11892,15948,34554,197578,3544
1,0,137,0,0,5,1,2,13,39,4,4,15,28,0,15,17,8,30,35,526,6,4,4,104,4,167,23,6,2,50,20,14,56,0,49,10,4,3,5,15,0,1,0,51,1,5,2,0,6,17,17,0,1,31,7,0,5,96,11,0,167,147,0,34,22,3,6,7,7,16,0,0,2,0,5,0,0,9,8,0,0,4,0,116,1,0,0,38,92,4,0,127,42,17,50,1,0,6,28,190,12,2,7,45,52,144,4,32,20,0,27,0,12,13,13,4,8,24,25,0
0,0,17888,0,0,172,0,0,688,6708,688,0,0,4816,0,2580,1892,0,2580,0,172,0,172,344,0,688,0,860,344,325,6192,3268,0,0,0,516,516,172,0,516,0,0,0,0,344,172,0,168,0,0,688,2752,0,0,2752,688,0,0,16168,0,0,0,688,0,688,1376,0,0,1204,344,0,0,0,172,0,344,0,0,395,1204,0,0,516,0,14620,0,0,0,5676,516,688,0,19264,344,344,356,0,0,0,1376,13244,0,172,0,3268,0,0,0,344,1720,0,516,0,2064,1204,688,516,344,1032,0,0
0,0,1664,0,0,22,0,0,80,624,64,0,0,448,0,240,176,0,240,0,16,0,16,32,1568,64,0,80,32,32,576,304,0,0,0,48,48,16,0,48,0,0,0,0,32,16,0,32,0,0,64,256,0,0,256,64,0,48,1504,0,0,48,64,0,64,128,0,80,112,48,0,0,0,16,0,32,0,0,80,112,0,0,48,0,1360,0,0,0,528,80,64,0,1792,32,64,48,0,0,0,128,1232,0,16,0,304,64,0,0,32,160,0,48,0,192,112,64,48,32,96,0,0
0,0,0,0,0,0,2,0,0,0,0,0,0,2,0,0,0,0,4,0,0,2,0,0,0,0,0,2,0,0,4,0,0,0,0,6,0,2,0,2,0,0,0,0,0,0,0,0,0,4,0,2,0,0,0,0,0,0,0,0,0,0,0,0,2,4,0,0,0,0,0,0,0,0,0,0,0,0,0,0,0,0,0,0,0,4,0,0,0,0,2,0,0,0,0,0,0,0,0,0,2,0,0,0,2,0,2,0,0,0,0,2,0,0,0,0,0,0,0,0,0
10,0,1040,0,0,20,10,0,130,390,40,40,0,280,0,150,110,80,300,340,5260,0,20,30,1040,40,0,230,30,20,500,190,140,0,0,490,30,10,30,50,0,0,10,0,270,10,10,20,0,60,40,170,0,10,160,40,0,40,960,80,0,1620,380,0,340,220,0,50,70,30,160,0,0,20,0,50,0,0,60,70,0,0,30,0,880,10,0,0,330,920,40,0,1130,220,90,480,0,0,0,200,1810,10,10,10,430,520,1440,10,20,190,0,220,0,120,130,40,30,70,60,250,0
0,0,0,0,0,0,8,0,0,0,0,0,0,0,0,0,0,0,0,0,0,0,0,0,0,0,0,0,0,0,0,0,0,0,0,0,0,0,0,0,0,0,0,0,0,0,0,0,0,0,0,0,0,0,0,0,0,0,0,0,0,0,0,0,0,0,0,0,0,2,0,0,0,0,0,0,0,0,0,0,0,0,0,0,0,0,0,0,0,0,0,0,0,0,0,0,0,2,0,0,0,0,0,0,0,0,0,0,0,0,0,0,0,0,0,0,0,0,0,0,0
48,224,2512,48,16,112,400,32,592,640,144,2544,240,880,16,240,272,816,1296,1504,9552,320,80,1392,1712,64,2672,944,112,64,2032,736,656,896,0,1120,256,256,64,224,240,112,288,0,1104,32,160,32,0,560,368,432,0,80,608,112,16,1856,1536,224,0,3264,2528,128,656,1024,176,416,112,4048,304,336,16,32,1824,592,5968,0,160,128,2944,48,96,0,1952,336,112,32,944,1488,144,64,2400,768,6048,1312,64,64,96,592,3632,192,32,1744,1376,1136,2320,272,512,1074,0,640,0,192,304,352,352,288,624,3568,64
0,0,0,0,0,0,0,0,0,0,0,0,0,0,0,0,0,0,0,0,0,0,0,0,0,0,0,0,0,0,0,0,0,0,0,0,0,0,0,0,0,0,0,0,2,0,0,0,0,0,0,0,0,0,0,0,0,0,0,0,0,0,0,0,0,0,0,0,0,0,0,0,0,0,0,0,0,0,0,0,0,0,0,0,6,0,0,0,0,0,0,0,0,0,0,0,0,0,0,0,0,0,0,0,0,0,0,0,0,0,0,0,0,0,0,0,0,0,0,0,0
0,0,0,0,0,0,0,0,0,2,0,2,0,0,0,0,0,4,0,0,0,0,0,0,0,0,0,0,0,0,0,14,0,0,0,0,0,0,0,0,0,2,0,0,0,0,0,0,0,0,0,0,0,0,0,0,0,4,0,0,0,16,0,230,0,0,0,2,0,384,0,408,0,0,0,0,216,0,0,0,318,0,2,0,0,0,0,0,0,0,0,0,0,2,2,2,0,0,0,0,0,0,0,2,0,0,0,0,0,8,0,0,0,0,0,0,0,0,0,0,8
212,0,22048,0,0,424,212,0,2756,8268,848,848,1081,5936,0,3180,2332,1696,6360,7420,111512,1272,424,848,22048,848,35404,4876,636,424,10600,4028,2968,0,0,10388,705,848,636,1060,81,0,212,0,6112,212,212,424,0,1272,998,3604,0,212,3461,1272,0,848,20352,2332,0,34344,29892,0,7208,4664,636,1060,1484,636,3392,0,0,424,0,1060,0,0,1908,1484,0,0,636,0,18899,212,0,0,7501,19504,848,0,24249,4664,1908,10600,0,0,0,4240,39432,212,424,212,9116,11024,30528,848,424,4028,0,5088,0,2544,2756,1060,636,1696,1595,5300,0
0,0,0,0,0,0,0,0,0,0,0,0,0,0,0,0,0,0,0,0,0,0,0,0,0,0,0,0,0,0,0,0,0,0,0,0,0,0,0,0,0,0,0,0,0,0,0,0,0,0,0,0,0,0,0,0,0,0,0,0,0,0,0,0,0,0,0,0,0,0,0,0,0,0,0,0,0,0,0,0,0,0,0,0,0,0,0,0,0,0,0,0,0,0,0,0,0,0,0,0,0,0,0,0,0,0,0,0,0,0,0,0,0,0,0,0,0,0,0,0,0
321,1498,16692,321,107,642,2675,214,3959,4280,963,17013,1605,5885,60,1605,1819,5457,8667,10058,63879,2140,535,6206,11449,428,17869,6313,642,428,13589,4922,4387,5992,0,7490,1712,1712,428,1498,1605,749,1926,0,7383,214,963,214,0,3745,2140,2889,0,535,4066,749,107,12412,10272,1498,0,21828,16843,856,4387,6848,1177,2782,749,27071,2033,2247,107,214,12198,3959,39911,0,1070,856,19688,214,642,0,13054,2247,749,214,6313,9951,963,428,14766,5136,40446,8774,214,428,642,3959,24289,1284,214,11663,9202,7597,15515,1819,3424,7062,0,4280,0,1284,2033,2354,428,1926,4173,23861,428
0,0,0,0,0,0,0,0,0,0,0,0,0,0,0,0,0,0,0,0,0,0,0,0,0,0,0,0,0,0,0,0,0,0,0,0,0,0,0,0,0,0,0,0,0,0,0,0,0,0,0,0,0,0,0,0,0,0,0,0,0,0,0,0,0,0,0,0,0,0,0,0,0,0,0,0,0,0,0,0,0,0,0,0,0,0,0,0,0,0,0,0,0,0,0,0,0,0,0,0,0,0,0,0,0,0,0,0,0,0,0,0,0,0,0,0,0,0,0,0,0
852,3976,44588,852,284,1988,7384,568,11076,12123,2556,46008,4260,15904,284,4260,5112,14768,25560,26696,169548,5680,1420,24708,30388,1136,47428,16756,1988,1136,37204,13064,11928,15904,0,21016,4544,4544,1136,4828,4260,1988,5112,0,19596,568,2840,568,0,11076,6532,8236,0,1420,10792,1988,284,37204,27264,3976,0,61060,45634,2556,13064,18744,3124,7952,1988,72420,5396,6248,284,568,33228,11360,105932,0,2840,2840,52824,852,1704,0,34932,5964,1988,568,17040,26412,18460,1136,42600,13916,131492,23288,1136,2272,1704,10508,65320,3408,568,32944,42316,21300,41180,4828,9088,21413,0,11360,0,3408,5680,6248,6506,5112,11076,63332,4260
5310,24780,279660,5310,1770,12390,46020,5310,69030,83190,15930,286740,26550,99120,1770,26550,31860,136662,159300,166380,1056690,35400,31131,153990,189390,7080,295590,104430,12390,7080,235410,115477,74340,107970,0,130980,28320,28320,7080,30090,38940,12390,32383,0,143370,3540,33151,3540,0,69030,40710,54870,0,8850,67260,12390,1770,231870,169920,35400,0,385860,329220,17700,81420,116820,19470,49560,12390,463740,33630,54801,1770,24780,267462,72570,661961,0,17700,38940,332395,8850,12390,0,219844,37170,12390,5310,115050,164610,115050,24056,265500,89591,865625,145140,17700,14160,31860,104430,417720,31860,3540,247287,265500,132750,256650,30090,126944,145140,0,132750,0,21240,49560,40710,40710,106519,69030,394710,28175
0,0,0,0,0,0,0,0,0,0,0,0,0,6,0,0,0,0,0,0,0,0,0,0,0,0,0,2,0,0,2,0,0,0,0,0,0,0,0,0,0,0,0,0,0,0,0,0,0,0,0,0,0,0,0,0,0,0,0,0,0,2,0,0,0,4,0,0,0,0,0,0,0,0,0,0,0,0,0,0,0,0,0,0,0,0,0,0,0,0,0,0,0,2,0,0,0,0,0,2,22,0,0,0,10,0,0,0,0,8,0,0,0,0,2,0,0,0,0,0,0
0,0,408304,0,0,7852,0,0,23019,153114,15704,0,0,109928,0,58890,43186,0,86068,72549,1128877,0,3926,7852,389898,15704,0,19630,7852,7852,171617,74594,18890,0,0,88536,11778,3926,0,11778,0,0,0,0,33999,3926,0,7852,0,0,15704,62816,0,0,62816,15704,0,11778,369044,20142,0,270034,72621,0,15704,31408,0,19630,27482,11778,0,0,0,3926,0,7852,0,0,19630,27482,0,0,11778,0,333710,0,0,0,129558,19630,15704,0,439712,7852,15704,15065,0,0,0,31408,332443,0,3926,0,74594,15965,297619,0,7852,39260,0,30933,0,47112,30769,15704,11778,7852,23556,40585,0
0,0,0,0,0,0,0,0,0,0,0,0,0,0,0,0,0,0,0,0,0,0,0,0,0,0,0,0,0,0,0,0,0,0,0,2,0,0,0,0,0,0,0,0,0,0,0,0,0,0,0,0,0,0,0,0,0,0,0,0,0,0,0,0,0,0,0,0,0,0,0,0,0,0,0,0,0,0,0,0,0,0,0,0,0,0,0,0,0,0,0,0,0,0,0,0,0,0,0,0,0,0,0,0,0,0,0,0,0,0,0,0,0,0,0,0,0,0,0,0,0
49,0,6713,0,0,245,49,98,637,1911,196,490,735,1372,0,735,833,735,1764,1715,25921,294,196,196,5194,196,8183,1176,294,98,3332,980,686,2744,0,2548,490,318,147,343,735,245,196,0,2548,49,245,98,0,294,833,980,0,49,1519,343,0,2303,4704,539,0,9408,7203,294,1666,1274,164,1127,343,2548,784,98,0,98,196,245,49,0,441,392,539,0,196,0,5684,784,0,0,1862,4508,196,49,6223,2107,2450,2548,49,0,294,1372,9849,588,98,5194,2401,2597,7056,196,1568,980,0,1323,0,588,637,637,196,539,1176,1225,147
150,700,7850,150,50,350,1300,100,1950,2100,450,8100,750,2800,50,750,900,2600,4500,4700,29850,1000,250,4350,5350,200,8350,2950,350,200,6550,2300,2100,2800,0,3700,800,800,200,850,750,350,900,0,3450,100,500,100,0,1950,1150,1450,0,250,1900,350,50,6550,4800,700,0,10750,7900,450,2300,3300,550,1400,350,12750,950,1100,50,100,5850,2000,18650,0,500,500,9300,150,300,0,6150,1050,350,100,3000,4650,3250,200,7500,2450,23150,4100,200,400,300,1850,11500,600,100,5800,7450,3750,7250,850,1600,3450,0,2000,0,600,1000,1100,1100,900,1950,11150,750
0,0,69601,0,0,643,0,0,0,53157,5452,0,0,36801,0,0,14993,0,13630,0,1363,0,0,1211,0,0,0,4089,0,0,2726,25897,0,0,0,2726,4089,1363,0,0,0,0,0,0,2726,0,0,0,0,0,5452,20445,0,0,21808,0,0,0,0,0,0,0,2820,0,1363,0,0,0,0,1363,0,0,0,1363,0,2726,0,0,0,6239,0,0,4089,0,114224,0,0,0,44979,0,0,0,84469,1363,2726,2726,0,0,0,10904,66787,0,1192,0,16356,0,0,0,0,13630,0,2726,0,0,8178,2726,2432,1143,8178,0,0
0,0,2808,0,0,27,0,0,114,1053,108,0,0,756,0,405,297,0,421,2,39,0,27,54,1544,108,0,135,54,54,984,513,0,0,0,113,81,27,0,81,0,0,0,0,54,27,0,54,0,2,108,432,0,0,432,108,0,37,2538,0,0,75,108,0,108,222,0,104,189,56,0,0,0,27,0,54,0,0,135,189,0,0,81,0,2295,6,0,0,891,100,108,0,3024,54,91,85,0,0,0,216,2085,0,27,2,513,145,2,0,54,270,0,81,0,324,189,108,81,56,162,0,0
0,0,36400,0,0,350,0,0,1400,13650,1400,0,0,9800,0,5250,3850,0,5250,0,350,0,350,700,0,416,0,1750,700,0,12600,6650,0,0,0,1050,1050,350,0,1050,0,0,0,0,700,350,0,0,0,0,1400,5600,0,0,5600,1400,0,0,32900,0,0,0,1400,0,1400,2800,0,0,2450,700,0,0,0,350,0,700,0,0,350,2450,0,0,1050,0,29750,0,0,0,11550,1050,1400,0,39200,700,700,700,0,0,0,2800,26950,0,350,0,6650,0,0,0,700,3500,0,1050,0,4200,2450,1400,1050,700,2100,0,0
2,0,208,0,0,4,2,0,26,78,8,8,0,56,0,30,22,16,60,70,1052,10,4,8,208,8,203,46,6,4,100,38,28,0,0,98,6,2,6,10,0,0,2,0,54,2,2,4,0,12,8,34,0,2,32,12,0,8,192,20,0,324,204,0,68,44,3,10,14,6,32,0,0,4,0,10,0,0,18,14,0,0,6,0,176,2,0,0,70,184,8,0,228,44,18,100,0,0,0,40,372,2,4,2,86,104,288,8,4,38,0,48,0,24,26,10,6,16,12,50,0
3463,6926,474431,10389,0,17315,13751,6926,61493,138520,13852,550617,51945,165197,0,51945,58871,176613,155467,121205,1833384,65797,13852,17315,367078,13852,578321,148446,20778,13852,245475,152372,51945,193928,0,196143,34630,27693,13852,27704,51945,24241,62334,0,180076,3463,31167,6926,0,29490,58871,71392,0,3463,107353,24241,0,401708,332448,48482,0,682211,509061,27704,126327,109615,38093,83112,24241,872676,65797,72723,0,6926,394782,17711,1291699,0,34630,27704,637192,6926,13852,0,401708,55408,0,5567,131594,321856,22939,13852,439801,148909,1305551,189116,3463,4255,20778,106090,735783,41556,6926,377467,207978,206653,498672,17315,110816,126241,0,124668,0,41556,48489,48482,13852,62334,86575,86575,13852
366,1708,19382,366,122,856,3172,366,4764,5773,1102,19764,1830,6860,122,1900,2452,10004,11003,11502,73349,2440,2441,10616,13156,492,20374,7203,856,490,16271,8681,5138,7442,0,9069,1955,1953,488,2077,2806,854,2318,0,9893,245,2806,246,0,4758,2810,3798,0,732,4652,858,122,15985,11806,2448,0,26755,23203,1220,5616,8060,1342,3421,861,31967,2318,4880,122,2685,22814,5004,45628,0,1225,2813,23058,610,857,0,15335,2562,854,366,7963,11351,7934,2562,18412,6590,61492,10008,1220,976,2196,7206,29000,2318,245,19154,18319,9155,17833,2074,8908,10014,0,9160,0,1476,3424,2810,2813,11226,4764,27231,2074
3,21,411,9,4,15,63,6,111,120,12,477,45,147,0,45,51,153,213,282,1785,60,15,21,321,12,501,165,18,12,240,132,123,168,0,204,30,48,12,36,45,21,54,0,171,3,27,6,0,102,54,72,0,7,93,21,0,348,288,42,0,612,441,24,114,108,33,78,21,759,57,63,3,6,342,18,1119,0,30,24,552,6,18,0,351,63,21,6,120,279,27,12,381,132,1131,168,3,12,18,93,672,36,6,327,222,198,435,15,96,117,0,108,0,36,45,42,12,54,78,669,12
557,0,78936,0,0,1518,197,0,6742,29601,3036,0,0,21252,0,11385,8349,0,19210,25806,395492,0,759,1931,78873,3036,0,11270,1978,1518,36068,14421,10626,0,0,34740,2277,759,716,3046,0,0,0,0,16515,759,413,1518,0,2248,3036,12627,0,413,12144,3036,0,2800,72522,6072,0,121080,28842,0,17423,10883,0,3795,5313,2277,11006,0,0,917,0,2591,0,0,4491,5313,0,0,2277,0,66191,153,0,0,25047,40278,3036,0,85421,11491,3036,22308,0,0,0,10199,96766,0,759,696,24569,24258,109296,14,1518,11641,0,12557,0,9108,8041,3036,2277,1518,4554,18975,0
0,0,0,0,0,0,0,0,0,0,0,0,0,0,0,0,0,0,0,0,0,0,0,0,0,0,0,0,0,0,0,0,0,0,0,0,0,0,0,0,0,0,0,0,0,0,0,0,0,0,0,0,0,0,0,0,0,0,0,0,0,0,0,0,0,0,0,0,0,0,0,0,0,0,0,0,0,0,0,0,0,0,0,0,0,0,0,0,0,0,0,0,0,0,0,0,0,0,0,0,0,0,0,0,0,0,0,0,0,0,0,0,0,0,0,0,0,0,0,0,0
502,2341,34387,753,251,1506,5975,502,9287,10040,1255,39909,3765,13805,0,3765,4267,12801,20331,23594,149847,5020,1255,1757,26857,1004,41917,14808,1506,1004,31877,11546,10291,14056,0,17517,2761,4016,1004,3415,3765,1757,4518,0,15813,424,2259,502,0,8785,4518,6777,0,1255,8032,1757,41,29116,24096,3514,0,51204,37399,2008,10291,16064,2761,6526,1757,63503,4769,5271,251,502,28614,9287,93623,0,2510,2008,46184,502,1506,0,30120,5271,1757,502,11295,23343,2259,1004,33132,12048,94878,20582,502,1004,1506,9036,56878,3012,502,27359,21586,17821,36395,4267,8032,16566,0,10040,0,3012,4769,4267,1004,4518,6777,55973,1004
0,0,0,0,0,0,0,0,0,0,0,0,0,0,0,0,0,0,0,0,0,0,0,0,0,0,0,0,0,0,0,0,0,0,0,0,0,0,0,0,20,0,0,0,0,0,0,0,0,0,0,0,0,0,0,0,0,0,0,0,0,0,0,0,0,0,0,0,0,0,0,0,0,0,0,0,0,0,0,0,0,0,0,0,0,0,0,0,0,0,0,0,0,0,0,0,0,0,0,0,0,0,0,0,0,0,0,0,0,0,0,0,0,0,0,0,0,0,0,0,0
0,0,728,0,0,7,0,0,28,273,28,0,0,196,0,105,77,0,105,0,7,0,0,14,0,0,0,35,14,0,210,133,0,0,0,21,21,7,0,21,0,0,0,0,14,7,0,0,0,0,28,112,0,0,112,28,0,0,658,0,0,0,28,0,28,21,0,0,49,14,0,0,0,7,0,14,0,0,7,49,0,0,21,0,588,0,0,0,231,21,28,0,784,7,14,14,0,0,0,56,518,0,7,0,105,0,0,0,0,70,0,21,0,0,49,28,21,14,42,0,0
1165,4652,159605,3495,0,5825,17937,2330,33601,46600,4660,185235,17475,56269,0,17475,19805,59415,71705,69990,653134,23167,4660,5825,123780,4660,194555,64075,6990,4660,86989,51260,31835,65240,0,73228,11650,13284,4660,11952,17475,8155,20970,0,63111,1165,10485,2330,0,25312,20883,27842,0,1165,36115,8155,0,135140,111840,16310,0,232256,171255,9320,44270,40444,12815,29690,8155,293580,22135,24465,0,2330,132810,6990,434545,0,11650,9320,214360,2330,4660,0,135140,22515,6594,2330,44911,108345,10485,4660,147955,50742,439205,65240,1165,4660,6990,36115,255969,13980,2330,126985,81894,73771,167937,5825,37280,44270,0,41940,0,13980,17475,16310,4660,20970,29125,155258,4660
0,0,0,0,0,0,0,0,0,0,0,0,0,0,0,0,0,0,0,0,0,0,0,0,0,0,0,0,0,0,0,0,0,0,0,0,0,0,0,0,0,0,0,0,0,0,0,0,0,0,0,0,0,0,0,0,0,0,0,0,0,0,0,0,0,0,0,0,0,0,0,0,0,0,0,0,0,0,0,0,0,0,0,0,0,0,0,0,0,0,0,0,0,0,0,0,0,0,0,0,0,0,0,0,0,0,0,0,0,0,0,0,0,0,0,0,0,0,0,0,0
231,274,31647,0,0,1155,231,462,3033,9009,924,2310,3465,6468,0,3465,3927,3696,8471,8085,122199,2920,924,924,24486,924,38577,5674,1386,924,15708,4620,3273,12936,0,12393,2310,1617,883,1689,3465,1155,1386,0,12012,231,1155,462,0,1461,3927,4620,0,231,7161,1617,0,10857,22176,2924,0,44814,33957,1386,7854,6006,1701,5544,1617,12243,3696,462,0,462,1155,1155,231,0,2310,1848,2541,0,924,0,26796,3696,0,0,8778,21252,924,462,29337,9933,11550,12012,231,0,1386,6468,46829,2772,462,24717,11405,12936,33264,924,7392,4620,0,6237,0,2772,3003,3003,924,3003,5544,5775,693
0,0,0,0,0,0,0,0,0,0,0,0,0,0,0,0,0,0,0,0,0,0,0,0,0,0,0,0,0,0,16,0,0,0,0,0,0,2,0,0,0,0,0,0,0,0,0,0,0,0,0,0,0,0,0,0,0,0,0,0,0,0,0,0,0,0,2,0,0,0,0,0,0,0,0,0,0,0,0,0,0,0,0,0,0,0,0,0,0,0,0,0,0,0,0,2,0,0,0,0,0,0,0,0,0,0,0,0,0,0,0,0,0,0,0,0,0,0,0,0,0
2304,10752,120576,2304,768,5376,19931,1536,29676,32256,6912,124416,11520,42530,768,11520,13824,39936,63788,72192,458496,15360,3840,66816,82176,3072,128256,45312,5376,3072,99412,35328,31610,43008,0,56287,12288,12288,3072,12168,11520,5376,13824,0,52992,1536,7680,1536,0,28450,17664,21211,0,3840,29184,5376,768,100608,73728,10752,0,165120,121344,6912,34036,50129,8448,21504,5376,195840,14592,16896,768,1536,89856,29472,286464,0,7680,7680,142848,2304,4608,0,94464,16128,5376,1536,46080,71424,27315,3072,115200,37632,355584,62976,3072,3438,4608,28416,176307,9216,1536,89088,95235,57224,111360,13056,24576,52992,0,30720,0,9216,15360,16896,16896,13824,29952,171264,11520
2116,0,220064,0,0,6311,2116,3658,27508,82524,8464,8464,31740,59248,0,31740,23276,16928,63480,74060,1113016,12696,5803,8464,220064,8464,353372,48668,6348,4232,105800,40204,29624,57473,0,103684,8464,8464,6348,10580,14627,0,2116,0,67712,2116,6651,4232,0,12696,12696,35972,0,2116,35972,13930,0,8464,203136,23276,0,342792,298356,0,71944,46552,6348,10580,14812,6348,33856,0,0,4232,0,10580,0,0,19044,14812,0,0,6348,0,192556,2116,0,0,76176,194672,8464,0,243340,75521,25811,105800,277,0,6637,51319,393576,17729,4232,2116,90988,110032,304704,8464,34044,40204,0,50784,0,25392,27508,12033,6348,16928,21160,52900,0
0,0,0,0,0,0,0,0,0,0,0,0,0,0,0,0,0,0,0,0,0,0,0,0,0,0,0,0,0,0,0,0,0,0,0,4,0,0,0,0,0,0,0,0,0,0,0,0,0,0,0,0,0,0,0,0,0,6,0,0,0,6,0,0,0,0,0,0,0,0,0,0,0,0,0,0,0,0,0,0,0,0,0,0,0,0,0,0,0,0,0,0,0,0,0,8,0,0,0,0,0,0,0,0,0,10,0,0,0,0,0,0,0,0,0,0,0,0,0,0,0
5,0,685,0,0,25,5,10,65,195,20,50,75,140,0,75,85,82,180,175,2645,30,20,20,530,20,835,120,30,20,340,100,70,280,0,260,50,35,15,35,75,25,25,0,260,5,25,10,0,30,85,100,0,5,155,35,0,235,480,55,0,960,735,30,170,130,25,115,35,260,80,10,0,10,20,25,5,0,50,40,55,0,20,0,580,80,0,0,190,460,20,12,635,215,250,260,5,0,30,140,1005,60,10,531,245,271,720,20,160,100,0,135,0,60,65,65,20,62,120,125,15
0,0,0,0,0,0,0,0,0,0,0,0,0,0,0,0,0,0,0,0,0,0,0,0,0,0,0,0,0,0,0,0,0,0,0,0,0,0,0,0,0,0,0,0,0,0,0,0,0,0,0,0,0,0,0,0,0,0,0,0,0,0,0,0,0,0,0,0,0,0,0,0,0,0,0,0,0,0,0,0,0,0,0,0,0,0,0,0,0,0,0,0,0,0,0,0,0,0,0,0,0,0,0,0,0,0,0,0,0,0,0,0,0,0,0,0,0,0,0,0,0
0,0,0,0,0,0,0,0,0,0,1289,0,0,341,0,0,0,0,0,0,560,0,0,0,0,0,0,0,0,0,337,0,0,0,0,634,1321,335,0,0,0,0,0,0,0,0,0,0,0,0,1348,0,0,0,5788,0,0,0,0,0,0,0,454,0,138,0,0,0,0,277,0,0,0,0,0,0,0,0,0,0,0,0,0,0,11790,0,0,0,9159,0,0,0,4489,0,42,0,0,0,0,2649,3447,0,0,0,0,0,0,0,0,0,0,452,0,0,1247,514,0,0,1702,0,0
0,0,0,0,0,0,0,0,0,0,0,0,0,0,0,0,0,0,0,0,0,0,0,0,0,0,0,0,0,0,0,0,0,0,0,0,0,0,0,0,0,0,0,0,0,0,0,0,0,0,0,0,0,0,0,0,0,0,0,0,0,0,0,0,0,0,0,0,0,0,0,0,0,0,0,0,0,0,0,0,0,0,0,0,0,0,0,0,0,0,0,0,0,0,0,0,0,0,0,0,0,0,0,0,0,0,0,0,0,0,0,0,0,0,0,0,0,0,0,0,0
0,0,0,0,0,0,0,0,0,0,0,0,0,0,0,0,0,8,0,0,0,0,0,0,0,0,0,0,0,0,0,0,0,0,0,0,0,0,0,0,0,0,0,0,0,0,0,0,0,0,0,0,0,0,0,0,0,0,0,0,0,0,0,0,0,0,0,0,0,0,0,0,0,0,0,0,0,0,0,0,0,2,0,0,0,0,0,0,0,0,0,0,0,0,0,0,0,0,0,6,0,0,0,0,0,0,0,0,0,0,0,0,0,0,0,0,0,4,0,0,0
0,0,520,0,0,10,0,0,30,195,20,0,0,140,0,75,55,0,115,170,2585,0,5,10,515,20,0,25,10,10,225,95,70,0,0,210,15,5,0,15,0,0,0,0,55,5,0,10,0,0,20,80,0,0,80,20,0,15,470,40,0,795,190,0,20,40,0,25,35,15,60,0,0,5,0,10,0,0,25,35,0,0,15,0,425,0,0,0,165,25,20,0,560,10,20,20,0,0,0,40,430,0,5,0,95,25,720,0,10,50,0,50,0,60,40,20,15,10,30,125,0
0,0,0,0,0,0,0,0,0,0,0,0,0,0,0,0,0,0,0,0,0,0,0,0,0,0,0,0,0,0,0,0,0,0,0,0,0,0,0,0,0,0,0,0,0,0,0,0,0,0,0,0,0,0,0,0,0,0,0,0,0,0,0,0,0,0,0,0,0,0,0,0,0,0,0,0,0,0,0,0,0,0,0,0,0,0,0,0,0,0,0,0,0,0,0,0,0,0,0,0,0,0,0,0,0,0,0,0,0,0,0,0,0,0,0,0,0,0,0,0,0
2,13,137,3,1,6,25,2,37,40,5,159,15,55,0,15,17,51,81,94,597,20,5,7,107,4,167,59,6,4,127,46,41,56,0,70,11,16,4,14,15,7,18,0,63,2,9,2,0,35,18,27,0,5,32,7,1,116,96,14,0,204,149,8,41,64,11,26,7,253,19,21,1,2,114,37,373,0,10,8,184,2,6,0,120,21,7,2,45,93,9,4,132,48,378,82,2,4,6,36,227,12,2,109,86,71,145,17,32,66,0,40,0,12,19,17,4,18,27,223,4
0,0,0,0,0,0,0,0,0,0,0,0,0,0,0,0,0,0,0,0,0,0,0,0,0,0,0,0,0,0,0,0,0,0,0,0,2,0,0,0,0,0,0,0,14,0,0,0,0,0,0,0,0,0,0,0,0,0,0,0,0,0,0,0,0,0,0,0,0,0,0,0,0,0,0,0,0,0,0,0,0,0,0,0,6,0,0,0,16,0,0,0,2,0,0,0,0,0,4,0,0,0,0,0,0,0,0,0,0,0,0,2,0,0,0,8,0,0,18,0,0
0,6,0,0,0,0,0,0,6,0,0,0,0,4,0,0,0,0,0,0,2,0,0,0,0,0,0,0,0,0,8,0,0,0,0,4,0,4,0,10,0,0,0,0,0,2,0,0,0,4,0,0,0,0,0,0,0,0,0,0,0,0,0,0,0,4,2,0,0,0,0,0,0,0,0,4,0,0,0,0,0,0,0,0,0,0,0,0,0,0,8,0,0,0,0,0,0,4,0,0,16,0,0,4,28,2,0,0,0,6,0,0,0,0,0,0,0,0,0,0,0
23,0,2392,0,0,46,23,0,299,897,92,92,0,644,0,345,253,184,690,782,12098,0,46,92,2392,92,0,529,69,46,1150,437,322,0,0,1127,69,23,69,115,0,0,23,0,621,23,23,46,0,138,92,391,0,23,368,138,0,92,2208,184,0,3726,874,0,782,506,0,115,161,69,368,0,0,46,0,115,0,0,207,161,0,0,69,0,2024,23,0,0,805,2116,92,0,2622,506,207,1150,0,0,0,460,4278,23,46,23,989,1196,3312,92,46,437,0,552,0,276,299,115,69,184,138,575,0
429,0,44616,0,0,858,429,0,5577,16731,1716,1716,0,12012,0,6435,4719,3432,12870,14586,225654,0,858,1287,44616,1716,0,9867,1287,858,21450,8151,6006,0,0,21021,1287,429,1287,2145,0,0,429,0,11583,429,429,858,0,2574,1716,7293,0,429,6864,1716,0,1716,41184,3432,0,69498,16302,0,14586,9438,0,2145,3003,1287,6864,0,0,858,0,2145,0,0,3449,3003,0,0,1287,0,37752,429,0,0,14157,39468,1716,0,48477,9438,3861,21009,0,0,0,8580,78690,429,429,429,18447,22308,61776,1006,858,8151,0,9707,0,5148,5577,1716,1287,3003,2574,10725,0
9,0,936,0,0,18,9,0,117,351,36,36,0,252,0,135,99,72,270,306,4734,0,18,27,936,36,0,207,27,18,450,171,126,0,0,441,27,9,27,45,0,0,9,0,243,9,9,18,0,54,36,153,0,9,144,36,0,36,864,72,0,1458,342,0,306,198,0,45,63,27,144,0,0,18,0,45,0,0,81,63,0,0,27,0,792,9,0,0,313,828,36,0,1022,198,81,450,0,0,0,180,1674,9,9,9,387,468,1296,36,18,171,0,216,0,108,117,36,27,63,54,225,0
710,0,73840,0,0,1420,710,0,9230,27690,2840,2840,0,19880,0,10650,7810,5680,21300,24140,373460,0,1420,2459,73840,2840,0,16330,2130,1420,35500,13490,9940,0,0,34790,2130,710,2130,3550,0,0,710,0,19170,710,710,1420,0,4260,2840,12070,0,710,11360,3852,0,2840,68160,5680,0,115020,26980,0,24140,15620,0,3550,4970,2130,11360,0,0,1420,0,3550,0,0,6390,4970,0,0,2130,0,62480,710,0,0,24850,65320,2840,0,80940,15620,6390,35500,0,0,0,14200,132060,710,755,710,30530,36920,102240,2840,1420,13490,0,17040,0,8520,9230,3158,2130,5390,4260,17750,0
28,143,1918,42,14,84,337,28,518,560,70,2226,210,770,0,210,238,714,1134,1316,8358,280,70,98,1498,56,2338,826,84,56,1778,644,574,784,0,977,154,224,56,193,210,98,252,0,882,25,126,28,0,490,252,378,0,70,448,98,6,1624,1344,196,0,2856,2086,112,574,896,154,364,98,3542,266,294,14,28,1596,518,5222,0,140,112,2576,28,84,0,1680,294,98,28,630,1302,126,56,1848,672,5292,1148,28,56,84,504,3175,168,28,1526,1204,994,2030,238,448,924,0,560,0,168,266,238,56,252,378,3122,56
0,0,0,0,0,0,0,0,0,0,0,0,0,0,0,4,0,0,6,0,4,0,0,0,0,0,0,0,0,0,4,0,0,0,0,2,0,0,0,0,0,272,0,0,0,0,0,0,0,0,0,0,0,0,0,0,0,6,0,0,0,42,0,8,0,0,0,10,0,20,2,2,0,0,0,0,0,0,0,0,56,0,0,0,0,0,0,0,0,0,0,0,0,0,38,36,0,0,0,0,0,0,0,32,0,66,0,0,0,0,0,0,0,0,0,0,0,0,0,0,4
0,0,7791,0,0,76,0,0,185,2964,304,0,0,2072,0,613,836,0,840,0,76,0,0,152,0,0,0,320,94,0,1283,1444,0,0,0,152,228,76,0,152,0,0,0,0,152,21,0,0,0,0,304,1143,0,0,1216,191,0,0,2410,0,0,0,249,0,121,92,0,0,147,79,0,0,0,76,0,152,0,0,9,532,0,0,228,0,6384,0,0,0,2508,127,119,0,8512,76,152,152,0,0,0,608,4659,0,76,0,1019,0,0,0,0,760,0,173,0,0,477,246,228,152,456,0,0
966,0,100464,0,0,1932,966,0,12558,37674,3864,3864,0,27048,0,14490,10626,7728,28980,33653,508116,3558,1932,3864,100464,3864,80513,22218,2898,1932,48300,18354,13524,0,0,47334,2898,1116,2898,4830,0,0,966,0,26082,966,966,1932,0,5796,3864,16422,0,966,15456,5796,0,3864,92736,8989,0,156492,87843,0,32844,21252,1031,4830,6762,2898,15456,0,0,1932,0,4830,0,0,8694,6762,0,0,2898,0,85008,966,0,0,33810,88872,3864,0,110124,21252,8694,48300,0,0,0,19320,179676,966,1932,966,41538,50232,139104,3864,1932,18354,0,23184,0,11592,12558,4830,2898,7728,5796,24150,0
221,0,30277,0,0,1105,221,442,2873,8619,884,2210,3315,6188,0,3315,3757,3315,7956,7735,116909,1326,884,884,23426,884,36907,5304,1326,609,15028,4420,3094,12376,0,11492,2210,1547,663,1547,3315,1105,884,0,11492,221,1105,442,0,1326,3757,4420,0,221,6851,1547,0,10387,21216,2431,0,42432,32487,1326,7514,5746,1105,5083,1547,11492,3536,442,0,442,884,1105,221,0,2071,1768,2431,0,884,0,25636,3536,0,0,8398,20332,884,221,28067,9503,11050,11492,221,0,1326,6188,44421,2652,442,23426,10829,11713,31824,884,7072,4420,0,5967,0,2652,2873,2873,884,2431,5304,5525,663
0,0,0,4,0,0,0,2,0,0,0,4,0,0,0,0,0,0,6,10,6,0,0,0,194,0,0,0,0,0,6,0,0,0,0,24,0,0,0,4,0,2,0,0,0,0,0,0,0,0,0,0,0,0,0,0,0,24,0,0,0,68,0,2,0,0,0,28,0,4,0,0,0,0,0,0,4,0,0,0,2,0,0,0,0,28,0,0,0,0,0,4,0,0,18,4,0,0,2,0,2,0,0,16,0,100,0,0,0,0,0,0,0,0,0,0,0,0,0,0,8
0,0,0,0,0,0,0,0,0,0,0,0,0,0,6,0,8,0,0,8,0,0,0,4,0,0,6,0,0,0,0,0,0,0,0,0,0,0,0,0,0,0,0,0,0,0,0,0,0,0,0,0,0,0,0,0,0,0,0,34,0,0,8,0,0,0,0,0,0,0,0,0,0,0,0,0,0,6,0,0,0,0,12,0,0,0,0,0,2,0,0,6,8,0,0,0,0,0,0,0,0,0,0,0,0,0,0,0,0,0,0,0,0,0,0,0,0,0,0,0,0
3810,7620,521970,4834,0,19050,3810,7620,53340,150853,15240,376709,57150,149994,0,57150,64770,192433,140970,133350,2015490,72017,15240,19050,403860,15240,636270,95250,22860,15240,259080,167640,57150,213360,0,207746,38100,26670,15240,30480,57150,24453,68580,0,198120,3810,34290,7620,0,30480,64770,76200,0,3810,118110,26670,0,235362,365760,53340,0,748412,560070,27882,129540,99060,41910,91440,26670,574692,63906,65959,0,7620,283945,19050,830136,0,38100,30480,394586,7620,15240,0,441960,60960,0,0,144780,350520,15240,15240,483870,163830,895811,200960,3810,0,22860,110490,779587,45720,7620,413948,193367,218372,548640,15254,121920,94361,0,137160,0,45720,49851,53340,15240,62258,95250,95250,12714
0,0,104953,0,0,1021,0,0,2707,39819,4084,0,0,27872,0,8775,11231,0,11838,0,1021,0,0,2042,0,0,0,4480,1425,0,20026,19399,0,0,0,2055,3063,1021,0,2356,0,0,0,0,2042,393,0,0,0,0,4084,15394,0,0,16336,2789,0,0,38500,0,0,0,3409,0,1812,1500,0,0,2566,1103,0,0,0,1021,0,2042,0,0,148,7147,0,0,3063,0,85764,0,0,0,33693,1912,1825,0,114352,1021,2042,2042,0,0,0,8168,64838,0,1021,0,13957,0,0,0,0,10210,0,2378,0,0,6528,3467,3063,2042,6126,0,0
0,0,18304,0,0,176,0,0,704,6864,704,0,0,4928,0,2640,1936,0,2640,0,176,0,176,352,0,0,0,880,352,0,5885,3344,0,0,0,528,528,176,0,528,0,0,0,0,352,176,0,0,0,0,704,2816,0,0,2816,704,0,0,16544,0,0,0,704,0,704,1007,0,0,1232,352,0,0,0,176,0,352,0,0,176,1232,0,0,528,0,14960,0,0,0,5808,528,704,0,19712,352,352,352,0,0,0,1408,13319,0,176,0,3344,0,0,0,352,1760,0,528,0,1149,1232,704,528,352,1056,0,0
60,71,8220,0,0,300,60,120,787,2340,240,600,900,1680,0,900,1020,960,2198,2100,31740,791,240,240,6360,240,10020,1477,360,240,4080,1200,849,3360,0,3218,600,420,228,439,900,300,360,0,3120,60,300,120,0,382,1020,1200,0,60,1860,420,0,2820,5760,776,0,11640,8820,360,2040,1560,445,1440,420,3180,960,120,0,120,300,300,60,0,600,480,660,0,240,0,6960,960,0,0,2280,5520,240,120,7620,2580,3000,3120,60,0,360,1680,12171,720,120,6420,2968,3360,8640,240,1920,1200,0,1620,0,720,780,780,240,780,1440,1500,180
0,0,57824,0,0,556,0,0,2292,21684,2224,0,0,15568,0,8340,6116,0,8340,0,556,0,556,1112,30903,2224,0,2780,1112,1112,20016,10564,0,0,0,1668,1668,556,0,1668,0,0,0,0,1112,556,0,1112,0,0,2224,8896,0,0,8896,2224,0,512,52264,0,0,1550,2224,0,2224,4448,0,2025,3892,1133,0,0,0,556,0,1112,0,0,2780,3892,0,0,1668,0,47260,0,0,0,18348,1994,2224,0,62272,1112,1326,1668,0,0,0,4448,42812,0,556,0,10564,1397,0,0,1112,5560,0,1668,0,6672,3892,2224,1668,1112,3336,0,0
0,0,208,0,0,2,0,0,6,78,8,0,0,54,0,16,22,0,26,0,2,0,0,4,0,0,0,10,4,0,52,38,0,0,0,4,6,2,0,6,0,0,0,0,4,2,0,0,0,0,8,30,0,0,32,6,0,0,86,0,0,0,6,0,2,4,0,0,6,2,0,0,0,2,0,4,0,0,0,14,0,0,6,0,168,0,0,0,66,5,4,0,224,2,4,4,0,0,0,16,134,0,2,0,28,0,0,0,0,20,0,4,0,0,14,8,6,4,12,0,0
0,0,0,6,0,0,0,0,0,0,0,204,0,38,0,0,0,6,0,0,0,0,0,0,0,0,0,0,0,0,0,0,0,0,0,0,0,0,0,0,0,6,2,0,0,0,0,0,0,0,0,0,0,0,0,0,0,38,0,0,0,26,0,226,0,0,0,6,0,46,0,8,0,0,28,0,38,0,0,2,142,0,0,0,0,0,0,0,0,0,0,2,0,0,50,0,0,4,0,0,0,0,0,72,0,32,0,0,0,2,0,0,0,0,0,0,0,6,0,0,2
0,0,19032,0,0,366,0,0,1098,7137,732,0,0,5124,0,2745,2013,0,4209,6222,94611,0,183,366,18717,732,0,915,366,366,8235,3477,2562,0,0,7686,549,183,0,549,0,0,0,0,2013,183,0,366,0,0,732,2928,0,0,2928,732,0,549,17202,1464,0,29097,6954,0,732,1464,0,915,1281,549,1450,0,0,183,0,366,0,0,915,1281,0,0,549,0,15555,0,0,0,6039,915,732,0,20496,366,732,732,0,0,0,1464,15738,0,183,0,3477,915,26352,0,366,1830,0,1830,0,2196,1464,732,549,366,1098,4575,0
0,0,0,0,0,0,0,0,0,0,0,2,0,0,0,0,0,0,0,0,0,0,0,0,0,0,0,0,0,0,0,0,0,0,0,0,0,0,0,0,0,0,0,0,0,0,0,0,0,0,0,0,0,0,0,0,0,0,0,0,0,0,0,0,0,0,0,0,0,4,0,2,0,0,0,0,0,0,0,0,4,0,0,0,0,0,0,0,0,0,0,0,0,2,0,0,0,2,0,0,0,0,0,2,0,0,0,0,0,0,0,0,0,0,0,0,0,0,0,0,0
204,952,10744,204,68,476,1768,204,2652,3196,612,11016,1020,3808,68,1020,1224,5576,6120,6392,40596,1360,1292,5916,7276,272,11356,4012,476,272,9044,4828,2856,4148,0,5032,1088,1088,272,1156,1496,476,1292,0,5508,136,1564,136,0,2652,1564,2108,0,353,2584,476,68,8908,6528,1360,0,14824,12648,680,3128,4488,748,1904,476,17816,1292,2720,68,952,12716,2788,25432,0,680,1496,12852,340,476,0,8500,1428,476,204,4420,6324,4420,1428,10200,3604,34272,5576,680,544,1224,4012,16116,1224,136,10676,10200,5100,9860,1156,4896,5576,0,5100,0,816,1904,1564,1564,6256,2652,15164,1156
0,0,13520,0,0,130,0,0,520,5070,520,0,0,3640,0,1950,1430,0,1950,0,130,0,30,260,0,0,0,650,260,0,4026,2470,0,0,0,390,390,130,0,390,0,0,0,0,260,130,0,0,0,0,520,2080,0,0,2080,520,0,0,12220,0,0,0,520,0,520,390,0,0,910,260,0,0,0,130,0,260,0,0,130,910,0,0,390,0,10929,0,0,0,4290,390,520,0,14560,188,260,260,0,0,0,1040,9620,0,130,0,2188,0,0,0,56,1300,0,390,0,0,910,520,390,260,780,0,0
189,0,19656,0,0,378,189,0,2457,7371,756,95,0,5292,0,2835,2079,950,5670,6426,99414,0,214,567,19656,756,0,4347,567,378,9450,3591,2646,0,0,9261,567,189,567,945,0,0,124,0,5103,189,189,378,0,1134,756,3213,0,189,3024,756,0,756,18144,1512,0,30618,7182,0,6426,4158,0,945,1323,567,3024,0,0,378,0,945,0,0,1134,1323,0,0,567,0,16632,189,0,0,6237,17388,756,0,21357,4158,1384,9072,0,0,0,3591,34209,89,189,189,8127,9828,27216,189,378,3591,0,4158,0,2268,2457,756,567,831,1134,4725,0
57,287,5617,123,41,246,861,82,1517,1640,205,6519,615,2073,0,615,697,2091,3082,3854,24433,820,205,287,4387,164,6847,2326,246,164,4237,1886,1681,2296,0,2807,451,656,164,492,615,287,738,0,2453,41,369,82,0,1402,738,1048,0,121,1312,287,0,4756,3936,574,0,8364,6109,328,1613,2039,451,1066,287,10373,779,861,41,82,4674,686,15293,0,410,328,7544,82,246,0,4920,861,287,82,1791,3813,369,164,5412,1881,15487,2683,52,164,246,1355,9207,492,82,4469,3345,2746,5945,371,1312,1842,0,1540,0,492,714,697,164,738,1107,9143,164
2,0,274,0,0,10,2,4,26,78,8,20,30,56,0,30,34,30,72,70,1058,12,8,8,212,8,334,48,12,4,136,40,28,112,0,104,20,14,6,14,30,10,8,0,104,2,10,4,0,12,34,40,0,2,62,14,0,94,192,22,0,384,294,12,68,52,10,46,14,104,32,4,0,4,8,10,2,0,18,16,22,0,8,0,232,32,0,0,76,184,8,2,254,86,100,104,2,0,12,56,402,24,4,212,98,106,288,8,64,40,0,54,0,24,26,26,8,22,48,50,6
3,14,156,3,1,6,25,2,37,40,9,159,15,55,0,15,17,51,81,94,597,20,5,58,107,4,167,59,6,4,127,46,41,56,0,70,16,16,4,14,15,7,18,0,69,2,9,2,0,35,20,27,0,5,38,7,1,116,96,14,0,204,157,8,41,64,11,26,7,253,19,21,1,2,114,37,373,0,10,8,184,2,6,0,122,21,7,2,59,93,9,4,138,48,378,82,2,4,6,37,227,12,2,109,86,71,145,17,32,66,0,40,0,12,19,22,4,18,39,223,4
9,42,474,9,3,21,78,9,117,141,27,486,45,168,3,45,54,246,270,282,1791,60,57,261,321,12,501,177,21,12,399,213,126,183,0,222,48,48,12,51,66,21,57,0,243,6,69,6,0,117,69,93,0,15,114,21,3,393,288,60,0,654,558,30,138,198,33,84,21,786,57,120,3,42,561,123,1122,0,30,66,567,15,21,0,375,63,21,9,195,279,195,63,450,159,1512,246,30,24,54,177,710,54,6,471,450,225,435,51,216,246,0,225,0,36,84,69,69,276,117,669,51
67,469,9179,201,0,335,1407,134,2479,2680,268,10653,1005,3283,0,1005,1139,3417,4757,6298,39865,1340,275,442,7169,268,11189,3685,402,268,5360,2948,2747,3752,0,4556,670,1072,268,804,1005,469,1206,0,3819,67,603,134,0,2278,1206,1608,0,67,2077,469,0,7772,6432,938,0,13668,9849,536,2546,2412,737,1742,469,16953,1273,1407,0,134,7638,402,24991,0,670,536,12328,134,360,0,7778,1407,469,134,2670,6231,603,268,8509,2948,25259,3752,67,268,402,2077,15008,804,134,7303,4825,4422,9715,335,2144,2577,0,2412,0,804,1005,938,268,1206,1732,14941,268
0,0,0,0,0,0,0,0,0,0,0,174,0,0,0,0,0,2,0,0,0,0,0,0,0,0,0,0,0,0,0,0,0,0,0,0,0,0,0,0,0,2,0,0,0,0,0,0,0,0,0,0,0,0,0,0,0,26,0,0,0,6,0,92,0,0,0,0,0,116,0,0,0,0,16,0,10,0,0,0,0,0,0,0,0,0,0,0,0,0,0,0,0,0,18,0,0,0,0,0,0,0,0,6,0,0,0,0,0,0,0,0,0,0,0,0,0,0,0,0,4
627,2926,32912,627,209,1463,5434,592,8151,8987,1881,33858,3135,11704,209,3135,3762,10868,18810,19646,124773,4180,1045,18183,22363,836,34903,12331,1463,836,27379,9614,8778,11704,0,15466,3344,3344,836,3553,3135,1463,3762,0,14421,418,2634,418,0,8151,4807,6162,0,1045,7942,1463,209,27379,20064,2926,0,44935,34067,1881,9614,13794,2299,5852,1463,53458,3971,4598,209,418,24453,8360,77957,0,2090,2090,38874,839,1254,0,25707,4389,1463,418,12540,19437,13585,836,31350,10241,96767,17138,836,1672,1254,7849,48070,2508,418,24244,31141,15675,30305,3553,6688,16093,0,8360,0,2508,4180,4598,4807,3823,8151,46607,3135
99,462,5181,99,33,231,825,66,1221,1355,297,5346,495,1815,33,495,592,1716,2673,3102,19701,660,165,2871,3531,132,5511,1947,231,132,4191,1518,1353,1848,0,2310,528,528,132,462,495,231,594,0,2277,66,330,66,0,1155,759,891,0,165,1254,231,33,4323,3168,462,0,7095,5214,297,1412,2112,363,924,231,8415,627,726,33,66,3861,1221,12309,0,330,297,6138,99,198,0,4048,693,231,66,1968,3069,297,132,4950,1612,15279,2706,132,132,198,1221,7519,396,66,3828,2838,2442,4785,561,1056,2265,0,1320,0,396,657,726,726,594,1287,7359,495
1,0,137,0,0,5,1,2,13,39,4,4,15,28,0,15,17,8,32,35,527,6,4,4,104,4,167,23,6,2,50,20,14,56,0,49,10,4,3,5,15,0,1,0,51,1,5,2,0,6,17,17,0,1,31,7,0,7,96,11,0,168,147,0,34,22,3,7,7,12,16,0,0,2,0,5,0,0,9,8,0,0,4,0,116,1,0,0,38,92,4,0,127,42,18,50,1,0,6,28,190,12,2,10,45,52,144,4,32,20,0,27,0,12,13,13,4,8,24,25,0
0,0,0,0,0,0,0,0,0,0,12,0,0,2,0,0,0,0,0,0,4,0,0,0,0,0,0,0,0,0,3,0,0,0,0,5,9,3,0,0,0,0,0,0,0,0,0,0,0,0,10,0,0,0,40,0,0,0,0,0,0,0,4,0,1,0,0,0,0,3,0,0,0,0,0,0,0,0,0,0,0,0,0,0,78,0,0,0,69,0,0,0,33,0,0,0,0,0,0,18,32,0,0,0,0,0,0,0,0,0,0,5,0,0,9,3,0,0,16,0,0
52,0,5408,0,0,104,52,0,676,2028,208,0,0,1456,0,780,572,0,1560,1768,27352,0,52,156,5408,208,0,1196,156,104,2600,988,728,0,0,2548,156,52,156,260,0,0,0,0,1404,52,52,104,0,312,208,884,0,52,832,208,0,208,4992,416,0,8382,1976,0,1768,1144,0,260,364,156,832,0,0,104,0,260,0,0,312,364,0,0,156,0,4576,52,0,0,1716,4784,208,0,5876,1144,208,2496,0,0,0,988,9412,0,52,52,2236,2674,7488,52,104,988,0,1144,0,624,676,208,156,104,312,1300,0
0,0,0,0,0,0,4,0,0,0,0,0,0,0,0,0,0,0,0,0,0,0,0,0,0,0,0,0,0,0,2,0,0,0,0,0,0,0,0,0,0,0,0,0,0,0,0,0,0,0,0,0,0,0,0,0,0,0,0,0,0,0,0,0,0,0,0,0,0,0,0,0,0,0,0,0,0,0,0,0,0,0,0,0,0,0,2,0,0,0,0,0,0,0,0,0,0,0,0,0,0,0,0,0,0,0,0,0,0,0,0,0,0,0,0,0,0,0,0,0,0
0,0,0,0,0,0,0,0,0,0,0,0,0,0,0,4,0,0,0,0,0,0,0,0,0,0,0,2,0,0,0,0,0,0,0,0,0,0,0,0,0,0,0,0,0,0,0,0,0,0,0,0,0,0,0,0,0,0,0,0,0,0,0,0,0,0,0,0,0,0,0,0,0,0,0,0,0,0,0,0,0,0,0,0,0,0,0,4,0,0,0,0,0,0,0,0,0,0,0,0,0,0,0,0,0,0,0,0,0,0,0,0,0,0,0,0,0,0,0,0,0
283,0,38771,0,0,1415,283,566,3679,11037,1132,1132,4245,7924,0,4245,4811,2264,8490,9905,148858,1698,1132,1132,29432,1132,47261,6509,1698,566,14150,5445,3962,15848,0,13867,2103,1132,849,1415,4245,0,283,0,12153,283,1415,566,0,1698,3053,4811,0,283,6753,1981,0,1132,27168,3113,0,45846,41060,0,9622,6226,849,1415,1981,849,4528,0,0,566,0,1415,0,0,2547,2128,0,0,867,0,29355,283,0,0,10659,26036,1132,0,34467,11886,3976,14150,283,0,1698,7577,53108,3396,566,283,12352,14716,40752,1132,9056,5394,0,7177,0,3396,3679,3172,872,2264,4473,7075,0
74,0,9672,0,0,186,9,0,813,3627,372,0,0,2604,0,1395,1023,0,2326,3162,48424,0,93,234,9671,372,0,1268,242,186,4400,1767,1302,0,0,4200,279,93,66,358,0,0,0,0,1993,93,48,186,0,222,372,1551,0,48,1488,372,0,348,8896,744,0,14832,3534,0,1958,1300,0,465,651,279,1356,0,0,102,0,307,0,0,557,651,0,0,279,0,8126,9,0,0,3069,4479,372,0,10464,1434,372,2593,0,0,0,1163,11184,0,93,92,2806,2785,13392,5,186,1393,0,1521,0,1116,960,372,279,186,558,2325,0
144,672,7536,144,48,336,1245,96,1852,2016,432,7776,720,2656,48,720,864,2496,3989,4512,28656,960,240,4176,5136,192,8016,2832,336,192,6213,2208,1976,2688,0,3512,768,768,192,756,720,336,864,0,3312,96,480,96,0,1780,1104,1327,0,240,1824,336,48,6288,4608,672,0,10320,7584,432,2128,3131,528,1344,336,12240,912,1056,48,96,5616,1841,17904,0,480,480,8928,144,288,0,5904,1008,336,96,2880,4464,1717,192,7200,2352,22224,3936,192,221,288,1776,11020,576,96,5568,5925,3579,6960,816,1536,3312,0,1920,0,576,960,1056,1056,864,1872,10704,720
4740,22120,249640,4740,1580,11060,41080,4740,61620,74260,14220,255960,23700,88480,1580,23700,28440,105209,142200,148520,943260,31600,26860,137460,169060,6320,263860,93220,11060,6320,210140,83465,66360,96380,0,116920,25280,25280,6320,26860,30169,11060,28440,0,127980,3160,22120,3160,0,61620,36340,48980,0,7900,60040,11060,1580,206980,151680,28489,0,340816,269541,15584,72680,104280,17380,44240,11060,405838,30020,34760,1580,22120,184860,64780,589340,0,15800,34760,294429,7900,11060,0,195920,33180,11060,4740,102700,146940,102700,6976,237000,79000,735777,129560,15800,12640,28440,93220,372880,28440,3160,183280,237000,118500,229100,26860,112180,129560,0,97792,0,18960,44240,36340,36340,33693,61620,352340,23700
5643,27888,296867,5976,1992,11952,49800,3984,73704,79680,11165,316728,29880,109560,0,29880,33864,101592,161352,187248,1189224,39840,9960,65134,213144,7968,332664,117528,11952,7968,252984,91632,81672,111552,0,139440,23641,31872,7968,27888,29880,13944,35856,0,133690,3984,17928,3984,0,69720,38208,53784,0,9960,68542,13944,1992,231072,191232,27888,0,406368,301588,15936,81672,127488,21912,51792,13944,503976,37848,41832,1992,3984,227088,73704,743016,0,19920,15936,366528,3984,11952,0,241585,41832,13944,3984,98963,185256,17928,7968,270014,95616,752976,163344,3984,7968,11952,71712,452184,23904,3984,217128,171312,141432,288840,33864,63744,131472,0,79680,0,23904,37848,37944,7968,35856,65785,444216,7968
1254,5852,66044,1254,418,2926,10868,1254,16302,18684,3762,67716,6270,23408,418,6270,7524,22386,37620,39292,249546,8360,4068,36366,44726,1672,69806,24662,2926,1672,55435,19228,17556,24070,0,30932,6688,6688,1672,7106,6952,2926,7524,0,31467,836,5852,836,0,16302,9614,12660,0,2090,15884,2926,418,54758,40128,5852,0,89870,68134,3762,19228,27588,4598,11704,2926,107008,7942,9196,418,3301,48906,16784,155914,0,4180,6486,77748,2090,2775,0,51591,8778,2926,1025,26472,38874,27170,1672,62700,20544,193909,34276,3029,3344,4415,20748,97295,6221,836,48488,62384,31350,60610,7106,21188,33433,0,16720,0,5016,9791,9387,9614,7942,16302,93214,6270
31,0,4247,0,0,155,31,62,403,1209,124,310,465,868,0,465,527,496,1116,1085,16399,186,124,124,3286,124,5177,744,186,124,2108,620,434,1736,0,1612,310,217,93,217,465,155,185,0,1612,31,155,62,0,186,527,620,0,31,961,217,0,1457,2976,341,0,5964,4557,186,1054,806,155,725,217,1638,496,62,0,62,135,155,31,0,310,248,341,0,124,0,3596,496,0,0,1178,2852,124,62,3937,1333,1550,1612,31,0,186,868,6231,372,62,3315,1519,1702,4464,124,992,620,0,837,0,372,403,403,124,377,744,775,93
12,56,632,12,4,28,104,12,156,188,36,648,60,224,4,60,72,328,360,376,2388,80,76,348,428,16,668,236,28,16,532,284,168,244,0,296,64,64,16,68,88,28,76,0,324,8,92,8,0,156,92,124,0,20,152,28,4,524,384,80,0,872,744,40,184,264,44,112,28,1048,76,160,4,56,748,164,1496,0,40,88,756,20,28,0,500,84,28,12,260,372,260,84,600,212,2016,328,40,32,72,236,950,72,8,628,600,300,580,68,288,328,0,300,0,48,112,92,92,368,156,892,68
105,490,5460,105,35,210,875,70,1295,1400,315,5565,525,1925,0,525,595,1785,2835,3290,20895,700,175,2030,3745,140,5845,2065,210,140,4445,1610,1435,1960,0,2450,560,560,140,490,525,245,630,0,2415,70,315,70,0,1225,700,945,0,175,1330,245,35,4060,3360,490,0,7140,5495,280,1435,2240,385,910,245,8855,665,735,35,70,3990,1295,13055,0,350,280,6440,70,210,0,4270,735,245,70,2065,3255,315,140,4829,1680,13230,2870,70,140,210,1272,7945,420,70,3815,3010,2485,5075,595,1120,2310,0,1400,0,420,665,770,140,630,1365,7805,140
0,0,0,0,0,0,0,0,0,351,36,0,0,243,0,0,99,0,90,0,9,0,0,0,0,0,0,27,0,0,18,171,0,0,0,18,27,9,0,0,0,0,0,0,18,0,0,0,0,0,36,135,0,0,144,0,0,0,0,0,0,0,18,0,9,0,0,0,0,9,0,0,0,9,0,18,0,0,0,18,0,0,27,0,747,0,0,0,297,0,0,0,99,9,18,18,0,0,0,72,441,0,0,0,108,0,0,0,0,90,0,18,0,0,54,18,0,0,54,0,0
339,1582,17854,339,113,791,2938,339,4407,5311,1017,18306,1695,6328,113,1695,2034,9266,10170,10622,67461,2260,2177,9831,12091,452,18871,6667,791,452,15029,8023,4746,6893,0,8362,1808,1808,452,1921,2516,791,2147,0,9153,226,2599,226,0,4407,2599,3503,0,678,4294,791,113,14803,10848,2260,0,24634,21018,1130,5198,7458,1243,3164,791,29606,2147,4520,113,1828,21131,4633,42262,0,1130,2516,21357,565,791,0,14125,2373,791,339,7345,10509,7345,2373,16950,6097,56952,9266,1130,904,2034,6667,26781,2064,226,17741,16950,8475,16385,1921,8200,9266,0,8475,0,1356,3164,2599,2599,10396,4407,25199,1921
0,0,0,0,0,4,0,0,0,0,0,0,0,0,0,0,0,0,0,0,0,0,0,0,0,0,0,0,0,0,0,0,0,0,0,0,0,0,0,0,0,0,0,0,4,0,2,0,0,0,0,0,0,0,0,0,0,0,0,0,0,0,0,0,0,0,0,0,0,0,0,0,0,2,0,0,0,0,0,0,0,2,0,0,2,0,0,0,2,0,0,0,0,4,4,0,8,0,0,0,16,0,0,0,4,0,0,0,0,2,0,0,0,0,2,0,2,2,0,0,0
955,4235,82885,1815,605,3630,12705,1210,22385,24200,3025,96195,9075,31052,0,9075,10285,30855,46156,56870,360679,12100,3025,4235,64735,2420,101035,34480,3630,2420,64864,27830,24805,33880,0,41541,6655,9680,2420,7260,9075,4235,10890,0,36564,605,5445,1210,0,20775,10890,15712,0,1881,19360,4235,0,70180,58080,8470,0,123420,90145,4840,23962,31946,6655,15730,4235,153065,11495,12705,605,1210,68970,12200,225665,0,6050,4840,111320,1210,3630,0,72600,12705,4235,1210,26586,56265,5445,2420,79860,28005,228570,40847,816,2420,3630,20309,136043,7260,1210,65945,50023,40720,87725,6239,19360,28669,0,23018,0,7260,10753,10285,2420,10890,16335,134915,2420
375,1750,19750,375,125,875,3250,375,4875,5875,1125,20250,1875,7000,125,1875,2250,9000,11250,11750,74625,2500,2125,10875,13375,500,20875,7375,875,500,16625,7250,5250,7625,0,9250,2000,2000,500,2125,2642,875,2250,0,10125,250,1750,250,0,4875,2875,3875,0,625,4750,875,125,16375,12000,2500,0,27250,23250,1250,5750,8250,1375,3500,875,32750,2375,2750,125,1750,14943,5125,46625,0,1250,2750,23375,625,875,0,15500,2625,875,375,8125,11625,8125,750,18750,6250,58375,10250,1250,1000,2250,7375,29500,2250,250,14500,18750,9375,18125,2125,8875,10250,0,9375,0,1500,3500,2875,2875,3000,4875,27875,1875
3,14,157,3,1,7,25,2,37,40,9,162,15,55,1,15,17,52,81,94,597,20,5,87,107,4,167,59,7,4,127,46,41,56,0,70,16,16,4,14,15,7,18,0,69,2,10,2,0,35,23,27,0,5,38,7,1,131,96,14,0,215,158,9,41,64,11,28,7,255,19,22,1,2,117,37,373,0,10,8,186,3,6,0,122,21,7,2,59,93,9,4,150,48,463,82,4,4,6,37,227,12,2,116,86,74,145,17,32,67,0,40,0,12,19,22,22,18,39,223,15
73,0,10001,0,0,365,73,146,949,2847,292,526,1095,2044,0,1095,1241,860,2443,2555,38541,438,292,292,7634,292,12191,1739,438,146,4385,1460,1022,4088,0,3706,730,292,219,466,1095,134,165,0,3781,73,365,146,0,438,1241,1394,0,73,2263,511,0,1819,7008,803,0,13239,10731,188,2482,1732,219,1101,511,2423,1168,56,0,146,163,365,3,0,657,584,301,0,292,0,8468,392,0,0,2774,6716,292,3,9271,3124,2516,3772,73,0,438,2044,14307,876,146,3992,3485,3847,10512,292,2336,1460,0,1971,0,876,949,949,292,713,1752,1825,97
0,2,0,0,0,0,6,0,8,0,0,0,0,8,0,0,0,0,4,0,2,0,0,0,0,0,0,14,0,0,8,0,0,0,0,2,0,0,0,78,0,0,0,0,4,0,0,0,0,0,0,2,0,0,0,0,0,0,0,0,0,0,0,0,2,12,0,2,0,0,0,0,0,2,0,0,0,0,0,0,0,0,0,0,0,0,0,0,2,0,20,0,0,2,0,2,0,4,0,6,16,0,0,0,4,4,0,0,0,12,0,0,0,0,4,0,0,0,0,0,0
913,0,125081,0,0,4565,913,1826,11869,35607,3652,5697,13695,25564,0,13695,15521,9783,30111,31955,481697,5478,3652,3652,95343,3652,152471,21618,5478,1826,53019,18260,12782,51128,0,46070,9130,3652,2739,5570,13695,1213,1770,0,47059,913,4565,1826,0,5478,15521,17169,0,913,28303,6391,0,18734,87648,10043,0,162561,134211,1652,31042,21358,2739,11884,6391,26224,14608,520,0,1826,1506,4565,0,0,8217,7304,2648,0,3652,0,105908,3727,0,0,34694,83996,3652,0,115951,38842,27988,46871,913,0,5478,25564,177708,10956,1826,41522,43085,47964,131472,3652,29216,18260,0,24651,0,10956,11869,11869,3652,8436,21912,22825,839
0,0,416,0,0,8,0,0,24,156,16,0,0,112,0,60,44,0,92,20,580,0,4,8,392,16,0,20,8,8,180,76,0,0,0,60,12,4,0,12,0,0,0,0,32,4,0,8,0,0,16,64,0,0,64,16,0,12,376,16,0,136,32,0,16,32,0,20,28,12,0,0,0,4,0,8,0,0,20,28,0,0,12,0,340,0,0,0,132,20,16,0,448,8,16,16,0,0,0,32,344,0,4,0,76,16,176,0,8,40,0,32,0,48,32,16,12,8,24,16,0
6,28,548,12,4,24,84,8,148,160,20,636,60,204,0,60,68,204,305,376,2384,80,20,28,428,16,668,227,24,16,424,184,164,224,0,275,44,64,16,48,60,28,72,0,242,4,36,8,0,137,72,104,0,13,128,28,0,464,384,56,0,816,596,32,157,210,44,104,28,1012,76,84,4,8,456,81,1492,0,40,32,736,8,24,0,480,84,28,8,175,372,36,16,528,184,1511,267,5,16,24,133,899,48,8,436,329,270,580,41,128,189,0,150,0,48,71,68,16,72,108,892,16
12,56,632,12,4,28,104,12,156,183,36,648,60,224,4,60,72,217,360,376,2388,80,48,348,428,16,668,236,28,16,530,184,168,235,0,296,64,64,16,68,68,28,72,0,310,8,56,8,0,156,92,122,0,20,152,28,4,524,384,56,0,860,652,36,184,264,44,112,28,1024,76,88,4,41,468,161,1492,0,40,68,744,20,27,0,495,84,28,11,256,372,260,16,600,200,1856,328,33,32,47,212,933,65,8,464,598,300,580,68,227,323,0,160,0,48,102,91,92,76,156,892,60
0,0,0,0,0,0,0,0,0,13878,3264,0,0,11508,0,0,2821,0,3302,0,816,0,0,0,0,0,0,1161,0,0,1632,7758,0,0,0,1632,2448,816,0,0,0,0,0,0,671,0,0,0,0,0,3264,6602,0,0,13056,0,0,0,0,0,0,0,1632,0,816,0,0,0,0,816,0,0,0,291,0,651,0,0,0,357,0,0,1224,0,46596,0,0,0,26928,0,0,0,8976,657,1399,1537,0,0,0,6319,24507,0,0,0,5426,0,0,0,0,3722,0,1632,0,0,3894,1632,0,0,4896,0,0
76,0,10412,0,0,380,76,152,988,2964,304,760,1140,2128,0,1140,1292,1140,2736,2660,40204,456,304,304,8056,304,12692,1824,456,293,5168,1520,1064,4256,0,3952,760,532,228,532,1140,380,304,0,3952,76,380,152,0,456,1292,1520,0,76,2356,532,0,3572,7296,836,0,14592,11172,456,2584,1976,380,1748,532,3952,1216,152,0,152,304,380,76,0,738,608,836,0,304,0,8816,1216,0,0,2888,6992,304,76,9652,3268,3800,3952,76,0,456,2128,15276,912,152,8056,3724,4028,10944,304,2432,1520,0,2052,0,912,988,988,304,836,1824,1900,228
0,0,0,0,0,0,0,0,0,0,0,0,0,0,0,0,0,0,0,0,0,0,0,0,0,0,0,0,0,0,0,0,0,0,0,0,0,0,0,0,0,0,0,0,0,0,0,0,0,0,0,0,0,0,0,0,0,0,0,0,0,0,0,0,0,0,0,0,0,0,0,0,0,0,0,0,0,0,0,0,0,0,0,0,0,0,0,0,0,0,0,0,0,0,0,0,0,0,0,0,0,0,0,0,0,0,0,0,0,0,0,0,0,0,0,0,0,0,0,0,0
0,0,0,0,0,0,0,0,0,0,0,0,0,0,0,4,0,0,0,0,0,0,0,0,0,0,0,0,0,0,0,2,0,0,0,0,0,0,0,0,0,0,0,0,0,0,0,0,0,0,0,0,0,0,0,0,0,0,0,0,0,0,0,0,0,0,0,0,0,0,0,0,0,0,0,0,0,0,0,0,0,0,0,0,0,0,0,0,0,0,0,0,0,0,0,0,0,0,0,0,0,0,0,0,0,0,0,0,0,0,0,0,2,0,0,0,0,0,0,0,0
0,0,312,0,0,3,0,0,12,117,12,0,0,84,0,45,33,0,45,0,3,0,3,6,0,0,0,15,6,0,100,57,0,0,0,9,9,3,0,9,0,0,0,0,6,3,0,0,0,0,12,48,0,0,48,12,0,0,282,0,0,0,12,0,12,16,0,0,21,6,0,0,0,3,0,6,0,0,3,21,0,0,9,0,255,0,0,0,99,9,12,0,336,6,6,6,0,0,0,24,226,0,3,0,57,0,0,0,6,30,0,9,0,19,21,12,9,6,18,0,0
0,0,0,0,0,0,0,0,0,0,0,0,0,0,0,0,0,0,8,0,0,0,2,0,0,0,0,0,0,4,2,0,0,0,0,0,0,0,0,0,0,0,0,0,2,0,0,0,0,0,0,0,0,2,0,0,0,0,0,0,0,0,0,0,2,0,0,0,0,0,0,0,2,0,0,0,0,0,18,0,0,0,0,0,0,0,0,0,0,0,0,0,0,0,0,0,0,0,0,2,8,0,0,0,10,0,0,0,0,4,0,0,0,0,0,0,0,0,0,0,0
177,0,18408,0,0,354,177,0,2301,6903,708,708,1098,4956,0,2655,1947,1416,5310,6195,93102,1062,354,708,18408,708,29559,4071,531,354,8850,3363,2478,0,0,8673,573,708,531,885,161,0,177,0,5420,177,177,354,0,1062,918,3009,0,177,2874,1062,0,708,16992,1947,0,28674,24957,0,6018,3894,531,885,1239,531,2832,0,0,354,0,885,0,0,1593,1239,0,0,531,0,16060,177,0,0,6357,16284,708,0,20344,3894,1593,8850,0,0,0,3540,32922,177,354,177,7611,9204,25488,708,354,3363,0,4248,0,2124,2301,885,531,1416,1693,4425,0
788,0,91822,0,0,3940,788,1576,10244,30732,3152,3152,11820,22064,0,11820,11725,6304,23640,27580,414488,4728,3152,3152,81952,3152,131596,18124,3691,1576,39400,14972,11032,44128,0,38612,3152,3152,2364,3940,11820,0,788,0,25216,788,3940,1576,0,4728,4728,13396,0,788,13396,5516,0,3152,75648,8668,0,127656,111264,0,26792,17336,2364,3940,5516,2364,12608,0,0,1576,0,3940,0,0,7092,5516,0,0,2364,0,72143,788,0,0,29070,72496,3152,0,90620,33096,11032,39400,788,0,4728,20488,146568,9456,1576,788,33884,40976,113472,3152,25216,14972,0,18912,0,9456,10244,4728,2364,6304,7880,19700,0
644,1288,88228,0,0,3220,644,1288,9016,25116,2576,6440,9660,18032,0,9660,10948,21402,23828,22540,340676,11592,2576,3154,68264,2576,107548,16100,3864,2576,43792,21221,9660,36064,0,34776,6440,4508,2576,5152,9660,3220,8293,0,33488,644,3309,1288,0,5152,10948,12880,0,644,19964,4508,0,30268,61824,9016,0,125944,94668,4421,21896,16744,7084,15456,4508,34689,10304,3959,0,1288,16768,3220,644,0,6440,5152,7084,320,2576,0,74704,10304,0,0,24472,59248,2576,1874,81788,27692,36345,33488,644,0,3864,18302,131376,7728,1288,68917,32200,36064,92736,2576,20608,12880,0,18904,0,7728,8372,8386,2576,8372,15968,16100,1932
184,1288,25208,552,184,1009,3864,368,6808,7360,859,29256,2760,9016,0,2760,3128,9384,13064,17296,109480,3680,920,1288,19688,736,30728,10120,1104,736,14720,8173,7544,10304,0,12512,1871,2944,736,2208,2760,1288,3312,0,10488,184,1656,368,0,6256,3312,4416,0,368,5734,1288,0,21344,17664,2576,0,37536,27095,1472,6992,6624,2024,4784,1288,46552,3496,3864,184,368,20976,1104,68632,0,1840,1472,33856,368,1104,0,21621,3864,1288,368,7513,17112,1656,736,23731,8096,69368,10304,184,736,1104,5704,41216,2208,368,20056,13616,12144,26680,920,5888,7176,0,6624,0,2208,2891,2840,736,3312,4874,41032,736
150,586,20550,450,0,750,2278,300,4312,6000,600,23850,2250,7243,0,2250,2550,7650,9213,8827,83928,2975,600,750,15932,600,25050,8250,900,600,11181,6600,4009,8400,0,9420,1500,1706,600,1522,2250,1050,2700,0,8110,150,1350,300,0,3205,2679,3578,0,150,4650,1050,0,17400,14400,2100,0,29892,22050,1200,5700,5203,1650,3816,1050,37800,2850,3150,0,300,17100,900,55950,0,1500,1200,27600,300,600,0,17400,2882,843,300,5778,13950,1350,600,19050,6528,56550,8400,150,600,900,4650,32934,1800,300,16350,10539,9491,21624,750,4800,5700,0,5400,0,1800,2250,2100,600,2700,3750,19350,600
13320,62160,697080,13320,4440,31080,111000,8880,164280,177600,39960,707082,66600,244200,4440,66600,75480,227390,359640,417360,2650680,88800,22200,386280,475080,17760,741480,261960,31080,17760,563880,204240,182040,248640,0,310800,71040,71040,17760,62160,66600,31080,79920,0,306360,8880,44400,8880,0,155400,102120,119880,0,22200,168720,31080,4440,537952,426240,62160,0,931747,701520,38003,182040,284160,48840,119158,31080,1131239,84360,94677,4440,8880,509514,164280,1656120,0,44400,35520,824538,13320,26640,0,541680,93240,31080,8880,261960,412920,39960,17760,666000,213120,1879259,364080,17760,17760,26640,164280,1007880,53280,8880,503198,381840,318625,643800,75480,142080,297480,0,177600,0,53280,84360,97680,97680,79920,173160,990120,33826
